name,initials,title,rating,review,date
Jitendra W.,JW,Got Hassle-free Loan,5,"I am extremely satisfied with the guidance, support, and professionalism throughout the loan process. Each step was explained very clearly, and the process went smoothly. The assistance made my loan journey completely hassle-free.",Jan 2026
Abdul S.,AS,Best Support for Loan Approval,5,"After facing multiple rejections from several banks, I was beginning to lose hope. The team went above and beyond to guide me through the process and ensure that my loan application was successfully approved.",Jan 2026
Abhishek T.,AT,Stress-free Borrowing Process,5,"There was a complication with my KYC verification. The team handled it swiftly and professionally with regular updates. The issue was resolved quickly, making the entire experience smooth and stress-free.",Jan 2026
Amit C.,AC,Perfect Loan Solutions,5,"Thanks to the team for providing a better solution in a very short period of time with very courteous behaviour. The entire process was quick and the team was incredibly helpful throughout.",Jan 2026
Sindhu G.,SG,Excellent Support for CIBIL Report,5,"I had been facing challenges downloading my CIBIL report for two days. The team was extremely patient, knowledgeable, and efficient — they resolved the issue within just a few minutes.",Jan 2026
MD Gausar A.,MG,Hassle-free Business Loan,5,"Continuous support and clear communication made a significant difference. Timely responses, cooperation, and willingness to help contributed greatly to smooth coordination and successful outcomes.",Jan 2026
Priya M.,PM,Quick Personal Loan Disbursal,5,"Applied for a personal loan and got it disbursed within 24 hours. The team was extremely professional and kept me updated at every step. Best loan experience I've ever had.",Feb 2026
Rajesh K.,RK,Excellent Home Loan Guidance,5,"The team helped me find the best home loan rate from multiple banks. Saved almost 0.5% on interest rate which means lakhs saved over the loan tenure. Highly recommended!",Feb 2026
Neha S.,NS,Smooth Credit Card Process,4,"Got my premium credit card approved within a week. The comparison tool on the website helped me choose the right card for my spending pattern. Very satisfied with the service.",Mar 2026
Vikram P.,VP,Great Investment Advisory,5,"The investment advisory team helped me build a diversified portfolio. Their recommendations for mutual funds and bonds have given me excellent returns so far.",Mar 2026
Sunita D.,SD,Fast Gold Loan Processing,5,"Needed urgent funds and the gold loan was processed within 2 hours. The interest rate was competitive and the team was very transparent about all charges.",Mar 2026
Arjun R.,AR,Best Balance Transfer Deal,4,"Transferred my personal loan to a lower interest rate through TrueCred. The process was seamless and I'm saving ₹3000 per month on my EMI now.",Apr 2026
